ID Transporte,Data Transporte,Fazenda Origem,Placa Caminhão,Volume Estéreo (m³st),Tipo Entrega,Valor Unitário Transporte,Valor Total Transporte,Observações,Data do Registro,Fotos,Transportadora,Destino,Volume medido (m³st),Ticket
e67ffbba,17/05/2025,Lobo,NUE0A56,,Rechego,36,0,151,18/05/2025,Formulário Madeira Transportada_Images/e67ffbba.Fotos.180405.jpg,BALDO,UPC-Mata Verde,"53,08",
2e896eec,18/05/2025,Lobo,NUE0A56,,Rechego,36,0,152,18/05/2025,Formulário Madeira Transportada_Images/2e896eec.Fotos.002650.jpg,BALDO,UPC-Mata Verde,"54,74",
cf07e533,19/05/2025,Lobo,NUE0A56,,Rechego,36,0,153,19/05/2025,Formulário Madeira Transportada_Images/cf07e533.Fotos.124056.jpg,BALDO,UPC-Mata Verde,"54,74",
990e60f8,19/05/2025,LOBO,NUE0A56,,Rechego,36,0,154,19/05/2025,Formulário Madeira Transportada_Images/990e60f8.Fotos.223529.jpg,Baldo,UPC-Mata Verde,"54,54",
a316fae8,20/05/2025,Lobo,NUE0A56,,Rechego,36,0,155,21/05/2025,Formulário Madeira Transportada_Images/a316fae8.Fotos.112945.jpg,Baldo,UPC-Mata Verde,"56,4",
5fb11f5e,21/05/2025,Lobo,NUE0A56,,Rechego,36,0,156,22/05/2025,Formulário Madeira Transportada_Images/5fb11f5e.Fotos.105420.jpg,Baldo,UPC-Mata Verde,"55,16",
058dbe54,22/05/2025,Lobo,NUE0A56,,Rechego,36,0,157,22/05/2025,Formulário Madeira Transportada_Images/058dbe54.Fotos.215115.jpg,Baldo,UPC-Mata Verde,"55,16",
3b3ac426,23/05/2025,Lobo,NUE0A56,,Rechego,36,0,158,25/05/2025,Formulário Madeira Transportada_Images/3b3ac426.Fotos.130935.jpg,Baldo,UPC-Mata Verde,"55,78",
0353eaa5,23/05/2025,Lobo,OYF3D29,,Rechego,36,0,160,25/05/2025,Formulário Madeira Transportada_Images/0353eaa5.Fotos.131336.jpg,Delta,UPC-Mata Verde,"77,14",
89576146,24/05/2025,Lobo,NUE0A56,,Rechego,36,0,161,25/05/2025,Formulário Madeira Transportada_Images/89576146.Fotos.131626.jpg,Baldo,UPC-Mata Verde,"54,95",
ca8de0c0,24/05/2025,Lobo,BKS1027,,Rechego,36,0,162,25/05/2025,Formulário Madeira Transportada_Images/ca8de0c0.Fotos.131935.jpg,Ama,UPC-Mata Verde,"74,96",
bf9bf0aa,23/05/2025,Lobo,NUE0A56,,Rechego,36,0,159,26/05/2025,Formulário Madeira Transportada_Images/bf9bf0aa.Fotos.143758.jpg,Baldo,UPC-Mata Verde,"55,99",
1ee67a23,25/05/2025,Lobo,NUE0A56,,Rechego,36,0,163,26/05/2025,Formulário Madeira Transportada_Images/1ee67a23.Fotos.000519.jpg,Baldo,UPC-Mata Verde,"54,95",
c690673e,25/05/2025,Lobo,OYF3D29,,Rechego,36,0,164,26/05/2025,Formulário Madeira Transportada_Images/c690673e.Fotos.000804.jpg,Delta,UPC-Mata Verde,"77,76",
dbcdce76,25/05/2025,Lobo,BKS1027,,Rechego,36,0,165,26/05/2025,Formulário Madeira Transportada_Images/dbcdce76.Fotos.143939.jpg,AMA,UPC-Mata Verde,"123,64",
83673183,25/05/2025,Lobo,NUE0A56,,Rechego,36,0,166,26/05/2025,Formulário Madeira Transportada_Images/83673183.Fotos.144012.jpg,BALDO,UPC-Mata Verde,"56,4",
f7fd98c0,26/05/2025,Lobo,OYF3D29,,Rechego,36,0,167,26/05/2025,Formulário Madeira Transportada_Images/f7fd98c0.Fotos.144030.jpg,Delta,UPC-Mata Verde,"76,83",
fe3717bc,27/05/2025,Lobo,BKS1027,,Rechego,36,0,168,30/05/2025,Formulário Madeira Transportada_Images/fe3717bc.Fotos.114854.jpg,AMA,UPC-Mata Verde,"124,57",
5c7c4097,27/05/2025,Lobo,NUE0A56,,Rechego,36,0,169,30/05/2025,Formulário Madeira Transportada_Images/5c7c4097.Fotos.114943.jpg,BALDO,UPC-Mata Verde,"55,78",
170c2a7f,27/05/2025,Lobo,OYF3D29,,Rechego,36,0,170,30/05/2025,Formulário Madeira Transportada_Images/170c2a7f.Fotos.115003.jpg,Delta,UPC-Mata Verde,"82,11",
0ccb8975,28/05/2025,Lobo,BKS1027,,Rechego,36,0,171,30/05/2025,Formulário Madeira Transportada_Images/0ccb8975.Fotos.115030.jpg,AMA,UPC-Mata Verde,"125,04",
25845611,28/05/2025,Lobo,NUE0A56,,Rechego,36,0,172,30/05/2025,Formulário Madeira Transportada_Images/25845611.Fotos.115045.jpg,Baldo,UPC-Mata Verde,"56,82",
436f6c9c,29/05/2025,Lobo,NUE0A56,,Rechego,36,0,175,30/05/2025,,Baldo,UPC-Mata Verde,"56,82",
100dab16,29/05/2025,Lobo,BKS1027,,Rechego,36,0,174,30/05/2025,Formulário Madeira Transportada_Images/100dab16.Fotos.115103.jpg,AMA,UPC-Mata Verde,"103,68",
dc0e3301,30/05/2025,Lobo,OYF3D29,,Rechego,36,0,176,30/05/2025,Formulário Madeira Transportada_Images/dc0e3301.Fotos.203123.jpg,Delta,UPC-Mata Verde,"80,87",
fac6663b,30/05/2025,Lobo,NUE0A56,,Rechego,36,0,177,02/06/2025,,BALDO,UPC-Mata Verde,"71,23",
52a983f3,30/05/2025,Lobo,BKS1027,,Rechego,36,0,178,02/06/2025,,AMA,UPC-Mata Verde,"67,18",
c38406b6,31/05/2025,Lobo,NUE0A56,,Rechego,36,0,179,05/06/2025,Formulário Madeira Transportada_Images/c38406b6.Fotos.125648.jpg,BALDO,UPC-Mata Verde,"57,02",
cabc2e65,04/06/2025,Lobo,BKS1027,,Rechego,36,0,180,19/06/2025,,AMA,UPC-Mata Verde,"131,57",
b06e3d0b,04/06/2025,Lobo,NUE0A56,,Rechego,36,0,181,19/06/2025,,BALDO,UPC-Mata Verde,"57,23",
8eb38d71,04/06/2025,Lobo,OYF3D29,,Rechego,36,0,182,19/06/2025,,Delta,UPC-Mata Verde,"125,5",
e64df575,05/06/2025,Lobo,NUE0A56,,Rechego,36,0,183,19/06/2025,,Baldo,UPC-Mata Verde,"57,44",
c7595945,05/06/2025,Lobo,BKS1027,,Rechego,36,0,184,19/06/2025,,Ama,UPC-Mata Verde,"123,64",
c9a4c34f,05/06/2025,Lobo,NUE0A56,,Rechego,36,0,185,19/06/2025,,Baldo,UPC-Mata Verde,"59,72",
944618fe,06/06/2025,Lobo,BKS1027,,Rechego,36,0,186,19/06/2025,,Ama,UPC-Mata Verde,"131,57",
cde581e9,06/06/2025,Lobo,NUE0A56,,Rechego,36,0,187,19/06/2025,,Baldo,UPC-Mata Verde,"57,02",
7c641a3d,06/06/2025,Lobo,BKS1027,,Rechego,36,0,188,19/06/2025,,Ama,UPC-Mata Verde,"125,04",
e4db81fe,07/06/2025,Lobo,NUE0A56,,Rechego,36,0,189,19/06/2025,,Baldo,UPC-Mata Verde,"59,72",
99216b64,07/06/2025,Lobo,BKS1027,,Rechego,36,0,190,19/06/2025,,Ama,UPC-Mata Verde,"126,9",
e3bc107b,07/06/2025,Lobo,NUE0A56,,Rechego,36,0,191,19/06/2025,,Lobo,UPC-Mata Verde,"57,65",
b079cc0f,08/06/2025,Lobo,NUE0A56,,Rechego,36,0,192,19/06/2025,,Baldo,UPC-Mata Verde,"56,4",
975137c7,08/06/2025,Lobo,BKS1027,,Rechego,36,0,193,19/06/2025,,Ama,UPC-Mata Verde,"126,9",
660a6a23,08/06/2025,Lobo,NUE0A56,,Rechego,36,0,194,19/06/2025,,Baldo,UPC-Mata Verde,"57,23",
766bcb2a,09/06/2025,Lobo,NUE0A56,,Rechego,36,0,195,19/06/2025,,Baldo,UPC-Mata Verde,"57,02",
1b45ebb1,08/06/2025,Lobo,BKS1027,,Rechego,36,0,196,19/06/2025,,Ama,UPC-Mata Verde,"123,17",
db062363,10/06/2025,Lobo,BKS1027,,Rechego,36,0,197,19/06/2025,,Ama,UPC-Mata Verde,"128,77",
3954aae9,12/06/2025,Lobo,BKS1027,,Rechego,36,0,198,19/06/2025,,Ama,UPC-Mata Verde,"123,64",
109dcb3d,12/06/2025,Lobo,BKS1027,,Rechego,36,0,199,19/06/2025,,Ama,UPC-Mata Verde,"84,29",
b2dfda1c,12/06/2025,Lobo,OYF3D27,,Rechego,36,0,200,19/06/2025,,Delta,UPC-Mata Verde,"106,58",
31ad3c53,13/06/2025,Lobo,HRO9323,,Rechego,36,0,201,19/06/2025,,ELIANE VOGADO,UPC-Mata Verde,"86,47",
1d5d8053,13/06/2025,Lobo,OYF3D27,,Rechego,36,0,202,20/06/2025,,Delta,UPC-Mata Verde,"113,37",
087f9b83,14/06/2025,Lobo,HSI9C62,,Rechego,36,0,203,20/06/2025,,Maciel,UPC-Mata Verde,"86,47",
b0928683,14/06/2025,Lobo,HRO9323,,Rechego,36,0,204,20/06/2025,,Elaine vogado,UPC-Mata Verde,"93,31",
9fcd95f9,14/06/2025,Lobo,HRO9323,,Rechego,36,0,205,20/06/2025,,Elaine vogado,UPC-Mata Verde,"48,99",
355d5f7c,14/06/2025,Lobo,OYF3D27,,Rechego,36,0,206,20/06/2025,,Delta,UPC-Mata Verde,"115,24",
9e70e0c9,15/06/2025,Lobo,HSI9C62,,Rechego,36,0,207,20/06/2025,,Maciel,UPC-Mata Verde,"84,6",
1225ed68,16/06/2025,Lobo,OYF3D27,,Rechego,36,0,208,20/06/2025,,Delta,UPC-Mata Verde,"115,24",
a76d422e,16/06/2025,Lobo,HRO9323,,Rechego,36,0,209,20/06/2025,,Elaine vogado,UPC-Mata Verde,"88,96",
c4a51243,17/06/2025,Lobo,OYF3D27,,Rechego,36,0,210,20/06/2025,,Delta,UPC-Mata Verde,"119,91",
9ef1467a,17/06/2025,Lobo,HRO9323,,Estoque,30,0,211,20/06/2025,,Elaine vogado,UPC-Mata Verde,"90,51",
359cbba6,17/06/2025,Lobo,HSI9C62,,Estoque,30,0,212,20/06/2025,,Maciel,UPC-Mata Verde,"85,22",
7afc14f5,18/06/2025,Lobo,PYDZA96,,Estoque,30,0,213,20/06/2025,,Wagner,UPC-Mata Verde,"118,04",
a7f0391a,18/06/2025,Lobo,CUN4G5L,,Estoque,30,0,214,20/06/2025,,JP transporte,UPC-Mata Verde,"112,91",
56396c7b,18/06/2025,Lobo,OYF3D27,,Estoque,30,0,216,20/06/2025,,Delta,UPC-Mata Verde,"121,77",
cc2f7960,19/06/2025,Lobo,HSI9C62,,Estoque,30,0,218,20/06/2025,,Maciel,UPC-Mata Verde,"87,4",
d9eff889,18/06/2025,Lobo,HSI9C62,,Estoque,30,0,217,20/06/2025,,Maciel,UPC-Mata Verde,"87,09",
b73fafd7,18/06/2025,Lobo,HSI9C62,,Estoque,30,0,215,20/06/2025,,Maciel,UPC-Mata Verde,"88,02",
cfa71a9e,19/06/2025,Lobo,OYF3D14,,Estoque,30,0,219,20/06/2025,,Delta,UPC-Mata Verde,"118,97",
23426889,19/06/2025,Lobo,HSI9C62,,Estoque,30,0,220,20/06/2025,,Maciel,UPC-Mata Verde,"86,16",
a0b6ad2a,20/06/2025,Lobo,OYF3D14,,Estoque,30,0,221,20/06/2025,,Delta,UPC-Mata Verde,"120,37",
c97a1a5c,20/06/2025,Lobo,HRO9323,,Estoque,30,0,222,24/06/2025,,Elaine vogado,UPC-Mata Verde,93,
ed5599b6,20/06/2025,Lobo,OYF3D14,,Estoque,30,0,223,24/06/2025,,Delta,UPC-Mata Verde,"125,5",
9f422b1f,21/06/2025,Lobo,HSI9C62,,Estoque,30,0,224,24/06/2025,,Maciel,UPC-Mata Verde,"86,16",
be151fac,21/06/2025,Lobo,Elaine vogado,,Rechego,36,0,225,24/06/2025,,HRO9323,UPC-Mata Verde,"48,37",
69139fc0,21/06/2025,Lobo,HSI9C62,,Rechego,36,0,226,24/06/2025,,Maciel,UPC-Mata Verde,"86,78",
bc134719,21/06/2025,Lobo,BKS1027,,Rechego,36,0,227,24/06/2025,,Ama,UPC-Mata Verde,"126,44",
0be6c164,23/06/2025,Lobo,HSI9C62,,Estoque,30,0,228,24/06/2025,,Maciel,UPC-Mata Verde,"85,22",
62c47bde,23/06/2025,Lobo,BKS1027,,Estoque,30,0,229,24/06/2025,,Ama,UPC-Mata Verde,"129,7",
cb49f6fc,23/06/2025,Lobo,HRO9323,,Estoque,30,0,230,24/06/2025,,Elaine vogado,UPC-Mata Verde,"93,62",
5ab12355,23/06/2025,Lobo,FOF9E53,,Estoque,30,0,231,24/06/2025,,Ricardo oliveira,UPC-Mata Verde,"86,47",
053b1699,23/06/2025,Lobo,BKS1027,,Rechego,36,0,232,24/06/2025,,Ama,UPC-Mata Verde,"130,17",
de687a9d,24/06/2025,Lobo,HSI9C62,,Rechego,36,0,233,30/06/2025,,Maciel,UPC-Mata Verde,"86,47",
749debd5,25/06/2025,Lobo,HSI9C62,,Estoque,30,0,234,30/06/2025,,Maciel,UPC-Mata Verde,"88,65",
0f959235,25/06/2025,Lobo,BKS1027,,Rechego,36,0,235,30/06/2025,,Ama,UPC-Mata Verde,"130,17",
51b9c508,25/06/2025,Lobo,HRO9323,,Rechego,36,0,236,30/06/2025,,Elaine vogado,UPC-Mata Verde,"92,07",
4828e1f6,25/06/2025,Lobo,JTK3J67,,Rechego,36,0,237,30/06/2025,,Anisio,UPC-Mata Verde,"52,62",
74e8b368,26/06/2025,Lobo,HRO9323,,Estoque,30,0,238,30/06/2025,,Elaine vogado,UPC-Mata Verde,"94,87",
90aa6df2,26/06/2025,Lobo,BKS1027,,Estoque,30,0,239,30/06/2025,,AMA,UPC-Mata Verde,"125,5",
a3d784b7,26/06/2025,Lobo,ILP3J50,,Rechego,36,0,240,30/06/2025,,Misael,UPC-Mata Verde,"82,43",
855bab3b,26/06/2025,Lobo,HSI9C62,,Rechego,36,0,241,30/06/2025,,Maciel,UPC-Mata Verde,"84,6",
c7344810,26/06/2025,Lobo,IJK3167,,Rechego,36,0,242,30/06/2025,,Anisio,UPC-Mata Verde,"55,99",
a72d2411,27/06/2025,Lobo,HRO9323,,Estoque,30,0,243,30/06/2025,,Elaine vogado,UPC-Mata Verde,"94,87",
47e7adba,27/06/2025,Lobo,EJW2J87,,Estoque,30,0,244,30/06/2025,,Jonitransp,UPC-Mata Verde,"126,44",
c56fca3c,27/06/2025,Lobo,HSI9C62,,Rechego,36,0,245,30/06/2025,,Maciel,UPC-Mata Verde,"87,09",
48342ba6,27/06/2025,Lobo,JTK3J67,,Rechego,36,0,246,30/06/2025,,Anisio,UPC-Mata Verde,"54,69",
5d369cd5,27/06/2025,Lobo,ILP3J50,,Rechego,36,0,247,30/06/2025,,Misael,UPC-Mata Verde,"83,05",
b025e65b,27/06/2025,Lobo,HRO9323,,Rechego,36,0,248,30/06/2025,,Elaine vogado,UPC-Mata Verde,"93,62",
046a456b,28/06/2025,Lobo,HSI9C62,,Estoque,30,0,249,30/06/2025,,Maciel,UPC-Mata Verde,"89,27",
9ab47a8e,28/06/2025,Lobo,ILP3J50,,Rechego,36,0,250,30/06/2025,,Misael,UPC-Mata Verde,"86,16",
abd54760,28/06/2025,Lobo,HRO9323,,Rechego,36,0,251,30/06/2025,,Elaine vogado,UPC-Mata Verde,"93,93",
8a0a5ece,28/06/2025,Lobo,JTK3J67,,Rechego,36,0,252,30/06/2025,,Anisio,UPC-Mata Verde,"55,47",
376fc1ad,28/06/2025,Lobo,CVN4G51,,Estoque,30,0,253,30/06/2025,,JPtransporte,UPC-Mata Verde,"121,31",
b225f826,28/06/2025,Lobo,FOF9G53,,Rechego,36,0,254,30/06/2025,,Ricardo Oliveira,UPC-Mata Verde,"82,74",
bb81fdd9,28/06/2025,Lobo,FRY8C99,,Estoque,30,0,255,30/06/2025,,AGM,UPC-Mata Verde,"124,1",
bbcf2eb1,28/06/2025,Lobo,HSI9C62,,Estoque,30,0,256,30/06/2025,,Maciel,UPC-Mata Verde,"91,45",
2f314077,29/06/2025,Lobo,JTK3J67,,Rechego,36,0,257,30/06/2025,,Anisio,UPC-Mata Verde,"57,54",
98fac5e0,29/06/2025,Lobo,HSI9C62,,Rechego,36,0,258,30/06/2025,,Maciel,UPC-Mata Verde,"88,02",
5055adc5,29/06/2025,Lobo,FOF9E53,,Rechego,36,0,259,30/06/2025,,Ricardo Oliveira,UPC-Mata Verde,"86,78",
8a4b4830,30/06/2025,Lobo,HRO9323,,Estoque,30,0,260,01/07/2025,,ELAINE VOGADO,UPC-Mata Verde,"97,67",
9aad2001,30/06/2025,Lobo,JTK3J67,,Estoque,30,0,261,01/07/2025,,Anisio,UPC-Mata Verde,"58,06",
69c1d787,30/06/2025,Lobo,CVN4G51,,Estoque,30,0,262,01/07/2025,,JPtransporte,UPC-Mata Verde,"119,91",
2b23701d,30/06/2025,Lobo,OYF3D27,,Estoque,30,0,263,01/07/2025,,Transdelta,UPC-Mata Verde,"123,64",
c83949ac,30/06/2025,Lobo,EJW2187,,Estoque,30,0,264,01/07/2025,,Jonitransp,UPC-Mata Verde,"127,84",
6533d72b,30/06/2025,Lobo,HSI9C62,,Rechego,36,0,265,01/07/2025,,Maciel,UPC-Mata Verde,"86,47",
67697690,30/06/2025,Lobo,HRO9323,,Estoque,30,0,266,01/07/2025,,Elaine,UPC-Mata Verde,"95,49",
9b9ab3a7,30/06/2025,Lobo,FOF9E53,,Estoque,30,0,267,01/07/2025,,Ricardo Oliveira,UPC-Mata Verde,"89,58",
ce3e8e6c,30/06/2025,Lobo,OYF3D27,,Estoque,30,0,268,01/07/2025,,Delta,UPC-Mata Verde,"121,77",
46cb8d2e,01/07/2025,LOBO,ILP3J50,,Estoque,30,0,269,08/07/2025,,MISAEL,UPC-Mata Verde,"82,43",
604c7313,01/07/2025,LOBO,HS19C62,,Estoque,30,0,270,08/07/2025,,MACIEL,UPC-Mata Verde,"89,89",
2e79b43c,01/07/2025,LOBO,OYF3D27,,Estoque,30,0,271,08/07/2025,,DELTA,UPC-Mata Verde,"124,57",
a7437c71,01/07/2025,LOBO,HRO9323,,Rechego,36,0,272,08/07/2025,,ELAINE VOGADO,UPC-Mata Verde,"95,8",
36e2f985,01/07/2025,LOBO,FOF9E53,,Rechego,36,0,273,08/07/2025,,RICARDO OLIVEIRA,UPC-Mata Verde,"88,65",
034ed932,01/07/2025,LOBO,HS19C62,,Estoque,30,0,274,08/07/2025,,MACIEL,UPC-Mata Verde,"88,02",
3b57dd2e,01/07/2025,LOBO,ILP3J50,,Estoque,30,0,275,08/07/2025,,MISAEL,UPC-Mata Verde,"85,22",
4ac5d504,01/07/2025,LOBO,OYF3D27,,Estoque,30,0,276,08/07/2025,,DELTA,UPC-Mata Verde,"122,24",
2d086c0f,02/07/2025,LOBO,HRO9323,,Estoque,30,0,277,08/07/2025,,ELAINE VOGADO,UPC-Mata Verde,"97,36",
81d44361,02/07/2025,LOBO,FOF9E53,,Estoque,30,0,278,08/07/2025,,RICARDO OLIVEIRA,UPC-Mata Verde,"88,02",
c63809b1,02/07/2025,LOBO,ILP3I50,,Estoque,30,0,279,08/07/2025,,MISAEL,UPC-Mata Verde,"82,74",
c2366d8e,02/07/2025,LOBO,HSI9C62,,Rechego,36,0,280,08/07/2025,,MACIEL TRANSPORTES,UPC-Mata Verde,"88,65",
09f15341,02/07/2025,LOBO,OYF3D27,,Estoque,30,0,281,08/07/2025,,DELTA,UPC-Mata Verde,"126,44",
627a2519,02/07/2025,LOBO,BKS1027,,Estoque,30,0,282,08/07/2025,,AMA,UPC-Mata Verde,"127,84",
6830b592,02/07/2025,Lobo,JTK3J67,,Estoque,30,0,283,08/07/2025,,Anisio,UPC-Mata Verde,"56,76",
af54eb0a,02/07/2025,Lobo,ILP3J50,,Rechego,36,0,284,08/07/2025,,Misael,UPC-Mata Verde,"83,98",
53133d6b,02/07/2025,Lobo,HSI9C62,,Estoque,30,0,285,08/07/2025,,Maciel,UPC-Mata Verde,"88,96",
39281322,03/07/2025,Lobo,OYF3D27,,Estoque,30,0,286,08/07/2025,,Delta,UPC-Mata Verde,"122,71",
cda8affd,03/07/2025,Lobo,BKS1027,,Rechego,36,0,287,08/07/2025,,Ama,UPC-Mata Verde,"122,24",
2321f4c9,04/07/2025,Lobo,HRO9323,,Boca do Forno,30,0,288,08/07/2025,,Elaine,UPC-Mata Verde,"92,38",
ed9f44c5,04/07/2025,Lobo,OYF3D27,,Estoque,30,0,289,08/07/2025,,Delta,UPC-Mata Verde,"119,91",
d7b7a601,04/07/2025,Lobo,BKS1027,,Estoque,30,0,290,08/07/2025,,Ama,UPC-Mata Verde,"126,9",
e3889bfd,04/07/2025,Lobo,ILP3J50,,Estoque,30,0,291,08/07/2025,,Misael,UPC-Mata Verde,"80,87",
50704798,04/07/2025,Lobo,JTK3J67,,Estoque,30,0,292,08/07/2025,,Anisio,UPC-Mata Verde,"54,95",
0ff05013,04/07/2025,Lobo,BKS1027,,Estoque,30,0,293,08/07/2025,,Ama,UPC-Mata Verde,"127,37",
515fd0c0,05/07/2025,Lobo,OYF3D27,,Estoque,30,0,294,08/07/2025,,Delta,UPC-Mata Verde,"121,77",
6d7e7f9b,05/07/2025,Lobo,HRO9323,,Estoque,30,0,295,08/07/2025,,Elaine vogado,UPC-Mata Verde,"96,42",
b94d5658,05/07/2025,Lobo,CVN4G51,,Estoque,30,0,296,08/07/2025,,JPtransporte,UPC-Mata Verde,"118,51",
2fd2a441,05/07/2025,Lobo,FPG2G71,,Estoque,30,0,297,08/07/2025,,Rk transporte,UPC-Mata Verde,"123,17",
718f7c87,05/07/2025,Lobo,HSI9C62,,Estoque,30,0,298,08/07/2025,,Maciel transporte,UPC-Mata Verde,"88,02",
750ce102,05/07/2025,Lobo,ILP3J50,,Estoque,30,0,299,08/07/2025,,Misael,UPC-Mata Verde,"83,67",
dfb68d18,05/07/2025,Lobo,JTK3J67,,Estoque,30,0,300,08/07/2025,,Anisio,UPC-Mata Verde,"55,99",
8587282d,05/07/2025,Lobo,BKS1027,,Estoque,30,0,551,08/07/2025,,Ama,UPC-Mata Verde,"130,17",
2e36e1a3,06/07/2025,Lobo,ILP3J50,,Estoque,30,0,552,08/07/2025,,Misael,UPC-Mata Verde,"85,22",
37b175c1,06/07/2025,Lobo,OYF3D27,,Estoque,30,0,553,08/07/2025,,Delta,UPC-Mata Verde,"118,04",
1f0a4e2c,06/07/2025,Lobo,FPG2G71,,Estoque,30,0,554,08/07/2025,,Rk transporte,UPC-Mata Verde,"120,84",
0e90db91,06/07/2025,Lobo,CVN4G51,,Estoque,30,0,555,08/07/2025,,JPtransporte,UPC-Mata Verde,"116,17",
5ef76b86,06/07/2025,Lobo,JTK3J67,,Estoque,30,0,556,08/07/2025,,Anisio,UPC-Mata Verde,"54,95",
0e424b95,06/07/2025,Lobo,HSI9C62,,Estoque,30,0,557,08/07/2025,,Maciel,UPC-Mata Verde,"85,22",
8aa8e5aa,06/07/2025,Lobo,BKS1027,,Estoque,30,0,558,08/07/2025,,Ama,UPC-Mata Verde,"127,37",
677f903b,06/07/2025,Lobo,ILP3J50,,Estoque,30,0,559,08/07/2025,,Misael,UPC-Mata Verde,"85,22",
216a475d,06/07/2025,Lobo,JTK3J67,,Estoque,30,0,560,08/07/2025,,Anisio,UPC-Mata Verde,"53,91",
285ac7ca,07/07/2025,Lobo,FPG2G71,,Estoque,30,0,561,08/07/2025,,RC,UPC-Mata Verde,"123,17",
42a450f0,07/07/2025,Lobo,CVN4G51,,Estoque,30,0,562,08/07/2025,,JPtransporte,UPC-Mata Verde,"112,91",
4fba6d6b,07/07/2025,Lobo,OYF3D27,,Estoque,30,0,563,08/07/2025,,Delta,UPC-Mata Verde,"119,91",
92dbda89,07/07/2025,Lobo,BKS1027,,Boca do Forno,30,0,564,08/07/2025,,Ama,UPC-Mata Verde,"128,77",
c19d7a90,07/07/2025,Lobo,ILP3J50,,Boca do Forno,30,0,565,08/07/2025,,Misael,UPC-Mata Verde,"85,54",
bf7c96d9,07/07/2025,Lobo,JTK3J67,,Boca do Forno,30,0,566,08/07/2025,,Anisio,UPC-Mata Verde,"54,69",
8dabcf76,08/07/2025,LOBO,fpg-2g71,,Estoque,30,0,567,21/07/2025,,RK transporte,UPC-Mata Verde,"123,64",
8b7e8833,08/07/2025,LOBO,CVN4551,,Estoque,30,0,568,21/07/2025,,JP TRANSPORTE,UPC-Mata Verde,"118,04",
e72e7c5b,08/07/2025,LOBO,OYF3D27,,Estoque,30,0,569,21/07/2025,,DELTA,UPC-Mata Verde,"125,97",
bb6e7c47,08/07/2025,LOBO,PYD2A96,,Estoque,30,0,570,21/07/2025,,WAGNER,UPC-Mata Verde,"123,17",
d7017c79,08/07/2025,LOBO,ILP3110,,Boca do Forno,30,0,571,21/07/2025,,MISAEL,UPC-Mata Verde,"85,54",
a55670bf,08/07/2025,LOBO,JTK3J67,,Estoque,30,0,572,21/07/2025,,ANISIO,UPC-Mata Verde,"53,4",
5a3f72a2,08/07/2025,LOBO,HRO9323,,Estoque,30,0,573,21/07/2025,,ELAINE VOGADO,UPC-Mata Verde,"95,8",
2b94cfa7,08/07/2025,LOBO,ILP3J50,,Estoque,30,0,574,21/07/2025,,MISAEL,UPC-Mata Verde,"83,98",
fdca91fd,08/07/2025,LOBO,JTK3J67,,Estoque,30,0,575,21/07/2025,,ANISIO,UPC-Mata Verde,"54,43",
e5ee11a1,09/07/2025,LOBO,HSI9C62,,Estoque,30,0,576,21/07/2025,,MACIEL TRANSPORTE,UPC-Mata Verde,"88,65",
34608a25,09/07/2025,LOBO,FPG2G71,,Estoque,30,0,577,21/07/2025,,RK TRANSPORTE,UPC-Mata Verde,"126,44",
1c0255bf,09/07/2025,LOBO,CVN4G51,,Estoque,30,0,578,21/07/2025,,JP TRANSP,UPC-Mata Verde,"120,84",
829f78c2,09/07/2025,LOBO,HRO9323,,Estoque,30,0,579,21/07/2025,,ELAINE VOGADO,UPC-Mata Verde,"96,11",
d0a59615,09/07/2025,LOBO,OYF3D27,,Estoque,30,0,580,21/07/2025,,DELTA,UPC-Mata Verde,"121,31",
fdf5573a,09/07/2025,LOBO,JTK3J67,,Estoque,30,0,581,21/07/2025,,ANISIO,UPC-Mata Verde,"57,8",
99454dfe,09/07/2025,LOBO,ILP3J50,,Estoque,30,0,582,21/07/2025,,MISAEL,UPC-Mata Verde,"84,29",
26a02fbf,10/07/2025,LOBO,JTK3567,,Estoque,30,0,583,21/07/2025,,ANISIO,UPC-Mata Verde,"53,91",
be572a16,10/07/2025,LOBO,BWZ7696,,Estoque,30,0,584,21/07/2025,,AMA,UPC-Mata Verde,"77,76",
a7ef1d31,10/07/2025,LOBO,BKS1027,,Estoque,30,0,585,21/07/2025,,AMA,UPC-Mata Verde,"131,1",
934391d0,10/07/2025,LOBO,HSI9C62,,Estoque,30,0,586,21/07/2025,,MACIEL,UPC-Mata Verde,"90,2",
be32f06c,10/07/2025,LOBO,FPG2G71,,Estoque,30,0,587,21/07/2025,,RK TRANSP,UPC-Mata Verde,"128,3",
5a6304aa,10/07/2025,LOBO,ILP3J50,,Estoque,30,0,588,21/07/2025,,MISAEL,UPC-Mata Verde,"84,91",
e2871f4d,10/07/2025,LOBO,PYA2A96,,Estoque,30,0,589,21/07/2025,,WAGNER TRANSP,UPC-Mata Verde,"120,37",
b32306cb,10/07/2025,LOBO,JTK3J67,,Estoque,30,0,590,21/07/2025,,ANISIO,UPC-Mata Verde,"57,28",
72e8ce9b,10/07/2025,LOBO,BWZ7696,,Estoque,30,0,591,21/07/2025,,AMA,UPC-Mata Verde,"81,18",
3de81474,10/07/2025,LOBO,OYF3D27,,Estoque,30,0,592,21/07/2025,,DELTA,UPC-Mata Verde,"124,1",
48784281,10/07/2025,LOBO,BKS1027,,Estoque,30,0,593,21/07/2025,,AMA,UPC-Mata Verde,"122,71",
e98f243c,11/07/2025,LOBO,ILP3J50,,Estoque,30,0,594,21/07/2025,,MISAEL,UPC-Mata Verde,"85,54",
9b5850a4,11/07/2025,LOBO,BWG7695,,Estoque,30,0,595,21/07/2025,,AMA,UPC-Mata Verde,"82,11",
57091a0e,11/07/2025,LOBO,HSI9C62,,Estoque,30,0,596,21/07/2025,,MACIEL,UPC-Mata Verde,"84,6",
72088502,11/07/2025,LOBO,JTK3J67,,Estoque,30,0,597,21/07/2025,,ANISIO,UPC-Mata Verde,"58,58",
1504dea1,11/07/2025,FPG2G71,FPG2G71,,Estoque,30,0,598,21/07/2025,,RK TRANSPORTE,UPC-Mata Verde,"126,9",
3b67d173,11/07/2025,LOBO,FOF9E53,,Estoque,30,0,599,21/07/2025,,RICARDO OLIVEIRA,UPC-Mata Verde,"86,16",
5c8b6a34,11/07/2025,LOBO,FAY8C99,,Estoque,30,0,600,21/07/2025,,AGM,UPC-Mata Verde,"125,97",
24d5c273,11/07/2025,LOBO,BWZ7695,,Estoque,30,0,601,21/07/2025,,AMA,UPC-Mata Verde,"83,36",
856d5ee3,11/07/2025,LOBO,ILP3J50,,Estoque,30,0,602,21/07/2025,,MISAEL,UPC-Mata Verde,"85,54",
49a02980,11/07/2025,LOBO,HSI9C62,,Estoque,30,0,603,21/07/2025,,MACIEL TRANSPORTE,UPC-Mata Verde,"84,91",
5d3798d0,12/07/2025,LOBO,JTK3J67,,Estoque,30,0,604,21/07/2025,,ANISIO,UPC-Mata Verde,"55,47",
620e8e8e,12/07/2025,LOBO,ILP3J50,,Estoque,30,0,605,21/07/2025,,MISAEL,UPC-Mata Verde,"83,05",
e43e1156,12/07/2025,LOBO,HSI9C62,,Estoque,30,0,606,21/07/2025,,MACIEL,UPC-Mata Verde,"88,02",
e16036cf,12/07/2025,LOBO,BWZ7695,,Estoque,30,0,607,21/07/2025,,AMA,UPC-Mata Verde,"85,22",
b1d22428,12/07/2025,LOBO,OYF3D27,,Estoque,30,0,608,21/07/2025,,DELTA,UPC-Mata Verde,"123,17",
1d35fc5f,12/07/2025,LOBO,JTK3J67,,Estoque,30,0,609,21/07/2025,,ANISIO,UPC-Mata Verde,"57,8",
44e5b3b2,12/07/2025,LOBO,ILP3J50,,Estoque,30,0,610,21/07/2025,,MISAEL,UPC-Mata Verde,"82,74",
92180d97,13/07/2025,LOBO,BKS1027,,Estoque,30,0,611,21/07/2025,,AMA,UPC-Mata Verde,"127,84",
3e18c222,13/07/2025,LOBO,ILP3J50,,Estoque,30,0,612,21/07/2025,,MISAEL,UPC-Mata Verde,"85,54",
cd24c0b5,13/07/2025,LOBO,BKS1027,,Estoque,30,0,613,21/07/2025,,AMA,UPC-Mata Verde,"126,9",
d819ee2e,13/07/2025,LOBO,HSI9C62,,Estoque,30,0,614,21/07/2025,,MACIEL,UPC-Mata Verde,"88,02",
41cb4aa9,13/07/2025,LOBO,OYF3D27,,Estoque,30,0,615,21/07/2025,,DELTA,UPC-Mata Verde,"119,44",
291633a5,13/07/2025,LOBO,NTM8D24,,Estoque,30,0,616,21/07/2025,,MACIEL,UPC-Mata Verde,"82,11",
c469289f,13/07/2025,LOBO,HSI4C62,,Estoque,30,0,617,21/07/2025,,MACIEL,UPC-Mata Verde,"88,02",
afa401ab,13/07/2025,LOBO,OYF3D27,,Estoque,30,0,618,21/07/2025,,DELTA,UPC-Mata Verde,"124,1",
b137d6a4,14/07/2025,LOBO,FRY8C99,,Estoque,30,0,619,21/07/2025,,AGM,UPC-Mata Verde,"121,31",
e899d2fd,14/07/2025,LOBO,FPG 2G71,,Estoque,30,0,620,21/07/2025,,RK TRANSPORTE,UPC-Mata Verde,"124,57",
ff216a8b,14/07/2025,LOBO,HSI9C62,,Estoque,30,0,621,21/07/2025,,MACIEL,UPC-Mata Verde,"85,54",
b33f88c3,14/07/2025,LOBO,CVN4G51,,Estoque,30,0,622,21/07/2025,,JP TRANPORTE,UPC-Mata Verde,"119,91",
de486b4b,14/07/2025,LOBO,NTM8D24,,Estoque,30,0,623,21/07/2025,,MACIEL TRANSPORTE,UPC-Mata Verde,79,
7d08d84c,14/07/2025,LOBO,JTK3J67,,Estoque,30,0,624,21/07/2025,,ANISIO,UPC-Mata Verde,"56,76",
e0c187da,14/07/2025,LOBO,OYF3D27,,Estoque,30,0,625,21/07/2025,,DELTA,UPC-Mata Verde,"120,37",
6ed3a38b,14/07/2025,LOBO,JTK3J67,,Estoque,30,0,626,21/07/2025,,ANISIO,UPC-Mata Verde,"56,76",
d8c76dcc,14/07/2025,LOBO,PYD2A96,,Estoque,30,0,627,21/07/2025,,WAGNER,UPC-Mata Verde,"123,64",
7887ea53,15/07/2025,LOBO,ILP3J67,,Estoque,30,0,628,21/07/2025,,MISAEL,UPC-Mata Verde,"82,74",
84854169,15/07/2025,LOBO,PYD2A96,,Estoque,30,0,629,21/07/2025,,WAGNER,UPC-Mata Verde,"123,17",
90c678bf,15/07/2025,LOBO,CVN4G51,,Estoque,30,0,630,21/07/2025,,JP TRANSPORTE,UPC-Mata Verde,"121,77",
80f14caf,15/07/2025,LOBO,PYD2A96,,Estoque,30,0,631,21/07/2025,,WAGNER,UPC-Mata Verde,"118,97",
6a464039,15/07/2025,LOBO,NTM8D24,,Estoque,30,0,632,21/07/2025,,MACIEL,UPC-Mata Verde,"85,85",
fcd9c367,15/07/2025,LOBO,BKS1027,,Estoque,30,0,633,21/07/2025,,AMA,UPC-Mata Verde,"131,57",
66e4f1c2,15/07/2025,LOBO,HSI9C62,,Estoque,30,0,634,21/07/2025,,MACIEL,UPC-Mata Verde,"84,91",
b88d5665,15/07/2025,LOBO,BKS1027,,Estoque,30,0,635,21/07/2025,,AMA,UPC-Mata Verde,"135,3",
c821ff75,15/07/2025,LOBO,JTK3J67,,Estoque,30,0,636,21/07/2025,,ANISIO,UPC-Mata Verde,"56,25",
1a9f77cb,15/07/2025,LOBO,FRY8C99,,Estoque,30,0,637,21/07/2025,,AGM,UPC-Mata Verde,"125,5",
44ef7fec,15/07/2025,LOBO,FOF9E53,,Estoque,30,0,638,21/07/2025,,RICARDO OLIVEIRA,UPC-Mata Verde,"83,36",
dcc4cade,15/07/2025,LOBO,FOF9E53,,Estoque,30,0,639,21/07/2025,,RICARDO OLIVEIRA,UPC-Mata Verde,"85,85",
b713ab9c,15/07/2025,LOBO,OYF3D27,,Estoque,30,0,640,21/07/2025,,DELTA,UPC-Mata Verde,"121,31",
623daf7b,15/07/2025,LOBO,FPG2G71,,Estoque,30,0,641,21/07/2025,,RK TRANSPORTE,UPC-Mata Verde,"124,57",
db2928c1,16/07/2025,LOBO,FPG2G71,,Estoque,30,0,642,21/07/2025,,RK TRANSPORTE,UPC-Mata Verde,"123,17",
797066b5,17/07/2025,LOBO,CVN4G51,,Estoque,30,0,643,21/07/2025,,JP TRANSPORTE,UPC-Mata Verde,"116,17",
e89b6791,17/07/2025,LOBO,FPG2671,,Estoque,30,0,644,21/07/2025,,RK TRANSPORTE,UPC-Mata Verde,"125,04",
0fb969e4,17/07/2025,LOBO,OYF2D27,,Estoque,30,0,645,21/07/2025,,DELTA,UPC-Mata Verde,"123,4",
630732d9,16/07/2025,LOBO,CVN4G51,,Estoque,30,0,646,21/07/2025,,JP TRANSPORTE,UPC-Mata Verde,"119,91",
1b0103d6,16/07/2025,LOBO,JTK3J67,,Estoque,30,0,647,21/07/2025,,ANISIO,UPC-Mata Verde,"54,95",
e5fafbae,16/07/2025,LOBO,OYF3D27,,Estoque,30,0,648,21/07/2025,,DELTA,UPC-Mata Verde,"123,17",
980ad360,16/07/2025,LOBO,JTK3J67,,Estoque,30,0,649,21/07/2025,,ANISIO,UPC-Mata Verde,"56,25",
6003c6fd,16/07/2025,LOBO,HSI9C62,,Estoque,30,0,650,21/07/2025,,MACIEL,UPC-Mata Verde,"86,78",
26cef230,16/07/2025,LOBO,BKS1027,,Estoque,30,0,651,21/07/2025,,AMA,UPC-Mata Verde,"87,71",
936384aa,16/07/2025,LOBO,HRO9323,,Estoque,30,0,652,21/07/2025,,ELAINE VOGADO,UPC-Mata Verde,"96,11",
8d593613,17/07/2025,LOBO,FRY8C99,,Estoque,30,0,653,21/07/2025,,AGM,UPC-Mata Verde,"120,37",
882bf8fe,17/07/2025,LOBO,ILP3J50,,Estoque,30,0,654,21/07/2025,,MISAEL,UPC-Mata Verde,"84,91",
19526ce5,17/07/2025,LOBO,HSI9C61,,Estoque,30,0,655,21/07/2025,,MACIEL,UPC-Mata Verde,"87,4",
ccd7ee6f,17/07/2025,LOBO,NTM8D24,,Estoque,30,0,656,21/07/2025,,MACIEL,UPC-Mata Verde,"84,29",
0ffde099,16/07/2025,LOBO,FRY8C99,,Estoque,30,0,657,21/07/2025,,AGM,UPC-Mata Verde,"125,97",
2d027114,16/07/2025,LOBO,ILP3J50,,Estoque,30,0,658,21/07/2025,,MISAEL,UPC-Mata Verde,"85,54",
8c7c9303,16/07/2025,LOBO,FOF9E53,,Estoque,30,0,659,21/07/2025,,RICARDO OLIVEIRA,UPC-Mata Verde,"87,09",
3dcdeed2,17/07/2025,LOBO,PYD2A90,,Estoque,30,0,660,21/07/2025,,WANGER,UPC-Mata Verde,"124,1",
7f854646,17/07/2025,LOBO,FOF9G53,,Estoque,30,0,661,21/07/2025,,RICARDO OLIVEIRA,UPC-Mata Verde,"89,27",
d8dacfda,17/07/2025,LOBO,BWZ7G96,,Estoque,30,0,662,21/07/2025,,AMA,UPC-Mata Verde,"83,67",
25b1d80c,17/07/2025,LOBO,BWZ7G96,,Estoque,30,0,663,21/07/2025,,AMA,UPC-Mata Verde,"79,94",
72e303e1,17/07/2025,LOBO,PYD2A96,,Estoque,30,0,664,21/07/2025,,WAGNER,UPC-Mata Verde,"121,77",
5058063d,17/07/2025,LOBO,FOF9E53,,Estoque,30,0,665,21/07/2025,,RICARDO OLIVEIRA,UPC-Mata Verde,"84,29",
b01f9fbe,17/07/2025,LOBO,JTK3J67,,Estoque,30,0,666,21/07/2025,,ANISIO,UPC-Mata Verde,"53,4",
e17e7466,18/07/2025,LOBO,OYF3D27,,Estoque,30,0,667,21/07/2025,,DELTA,UPC-Mata Verde,"123,03",
ab6324b5,18/07/2025,LOBO,EJW2J87,,Estoque,30,0,668,21/07/2025,,JONI TRANSPORTE,UPC-Mata Verde,"118,97",
cde402f9,18/07/2025,LOBO,CVN4G51,,Estoque,30,0,669,21/07/2025,,JP TRANSPORTE,UPC-Mata Verde,"118,97",
891e0e11,18/07/2025,LOBO,FPG2G71,,Estoque,30,0,670,21/07/2025,,RK TRANSPORTE,UPC-Mata Verde,"122,24",
78c6745e,18/07/2025,LOBO,HRO9323,,Estoque,30,0,671,21/07/2025,,ELAINE,UPC-Mata Verde,"96,42",
357febf3,18/07/2025,LOBO,ILP3J50,,Estoque,30,0,673,21/07/2025,,MISAEL,UPC-Mata Verde,"81,49",
917d7d10,18/07/2025,LOBO,NTM8D24,,Estoque,30,0,674,21/07/2025,,MACIEL,UPC-Mata Verde,"79,94",
f0140069,18/07/2025,LOBO,JAT6I60,,Estoque,30,0,675,21/07/2025,,JOSE MARCELO,UPC-Mata Verde,"64,39",
3f007507,18/07/2025,LOBO,HSI9C62,,Estoque,30,0,676,21/07/2025,,MACIEL,UPC-Mata Verde,"85,22",
50955088,18/07/2025,LOBO,JTK3J67,,Estoque,30,0,677,21/07/2025,,ANISIO,UPC-Mata Verde,"55,73",
3c3d6aa9,18/07/2025,LOBO,FOF9E53,,Estoque,30,0,678,21/07/2025,,RICARDO OLIVEIRA,UPC-Mata Verde,"80,56",
86e2e0bd,19/07/2025,LOBO,BWZ7G96,,Estoque,30,0,679,21/07/2025,,AMA,UPC-Mata Verde,"84,91",
8788615b,19/07/2025,LOBO,HRO9323,,Estoque,30,0,680,21/07/2025,,ELAINE,UPC-Mata Verde,"99,53",
fbffe4ec,19/07/2025,LOBO,JTK3J67,,Estoque,30,0,681,21/07/2025,,ANISIO,UPC-Mata Verde,"57,28",
935b771b,19/07/2025,LOBO,OYF3D27,,Estoque,30,0,682,21/07/2025,,DELTA,UPC-Mata Verde,"120,27",
756cfe5d,19/07/2025,LOBO,CVN4G51,,Estoque,30,0,683,21/07/2025,,JP TRANSPORTES,UPC-Mata Verde,"117,57",
e518e6c3,19/07/2025,LOBO,FPG2G71,,Estoque,30,0,684,21/07/2025,,RK TRANSPORTE,UPC-Mata Verde,"124,1",
2de4194e,19/07/2025,LOBO,PYD2A96,,Estoque,30,0,685,21/07/2025,,WAGNER,UPC-Mata Verde,"122,71",
9853530f,19/07/2025,LOBO,HSI9C62,,Estoque,30,0,686,21/07/2025,,MACIEL,UPC-Mata Verde,"86,16",
1f8802cf,19/07/2025,LOBO,ILP3J50,,Estoque,30,0,687,21/07/2025,,MISAEL,UPC-Mata Verde,"83,67",
3dfc1fc5,19/07/2025,LOBO,NTM8D24,,Estoque,30,0,688,21/07/2025,,MACIEL,UPC-Mata Verde,"80,56",
98c45905,19/07/2025,LOBO,BWZ7G96,,Estoque,30,0,689,21/07/2025,,AMA,UPC-Mata Verde,"85,54",
fbee2ade,19/07/2025,LOBO,HRO9323,,Estoque,30,0,690,21/07/2025,,ELAINE,UPC-Mata Verde,"96,73",
00b7ed79,20/07/2025,LOBO,FOF9E53,,Estoque,30,0,691,21/07/2025,,RICARDO OLIVEIRA,UPC-Mata Verde,"85,85",
a1e5384c,20/07/2025,LOBO,JTK3J67,,Estoque,30,0,692,21/07/2025,,ANISIO,UPC-Mata Verde,"54,69",
d279b878,20/07/2025,LOBO,FPG2G71,,Estoque,30,0,693,21/07/2025,,RK TRANSPORTE,UPC-Mata Verde,"128,77",
2951897c,20/07/2025,LOBO,CVN4G51,,Estoque,30,0,694,21/07/2025,,JP TRANSPORTE,UPC-Mata Verde,"126,9",
80c965fc,20/07/2025,LOBO,OYF3D27,,Estoque,30,0,695,21/07/2025,,DELTA,UPC-Mata Verde,"120,73",
2c136a4d,20/07/2025,LOBO,HSI9C62,,Estoque,30,0,696,21/07/2025,,MACIEL TRANSPORTES,UPC-Mata Verde,"87,4",
da31ee42,20/07/2025,LOBO,ILP3J50,,Estoque,30,0,698,21/07/2025,,MISAEL,UPC-Mata Verde,"80,87",
43b053d0,20/07/2025,LOBO,HRO9223,,Estoque,30,0,699,21/07/2025,,ELAINE VOGADO,UPC-Mata Verde,"97,98",
28635b62,20/07/2025,LOBO,FOF9E53,,Estoque,30,0,700,21/07/2025,,RICARDO OLIVEIRA,UPC-Mata Verde,"87,09",
0b1c78b6,18/07/2025,LOBO,ETR9C71,,Estoque,30,0,672,22/07/2025,,JULIO CESAR,UPC-Mata Verde,"129,4",
ea0001c5,20/07/2025,LOBO,NTM8D24,,Estoque,30,0,697,22/07/2025,,MACIEL TRANSPORTE,UPC-Mata Verde,"81,49",
389c7bda,21/07/2025,LOBO,BWZ7G96,,Estoque,30,0,701,22/07/2025,,AMA,UPC-Mata Verde,"81,49",
c1f21ca1,21/07/2025,LOBO,ETR9C71,,Estoque,30,0,702,22/07/2025,,JULIO CESAR,UPC-Mata Verde,"120,84",
af18d067,21/07/2025,LOBO,703,,Estoque,30,0,703,22/07/2025,,WAGNER TRANSP,UPC-Mata Verde,"122,71",
8fafbe0c,21/07/2025,LOBO,JTK3J67,,Estoque,30,0,704,22/07/2025,,ANISIO,UPC-Mata Verde,"57,28",
5c776d92,21/07/2025,LOBO,HSI9C62,,Estoque,30,0,705,22/07/2025,,MACIEL,UPC-Mata Verde,"90,2",
baecdcab,21/07/2025,LOBO,NTM8D24,,Estoque,30,0,706,22/07/2025,,MACIEL,UPC-Mata Verde,"81,49",
7ed591b3,21/07/2025,LOBO,FOF9E53,,Estoque,30,0,707,22/07/2025,,RICARDO OLIVEIRA,UPC-Mata Verde,"87,09",
